{
    titles: {"*": "CH"},
    "//": "Switzerland",
    defaultLocale: "en",
    calendarCode: "gre",
    calendarColor: {red: 0.85, green: 0.16, blue: 0.11},
    first: {era: 1, y: 1899},
    urls: {"en": "https://en.wikipedia.org/wiki/Public_holidays_in_Switzerland"},
    events: [
        {type: "D", start: {mon: 1, d: 1}, inherits: "New Year’s Day"},
        {type: "D", start: {mon: 1, d: 2}, urls: {"en": "https://www.officeholidays.com/holidays/switzerland/berchtolds-day"}, inherits: "Berchtold’s Day"},
        {type: "D", start: {mon: 1, d: 6}, inherits: "Epiphany"},
        {type: "D", start: {mon: 3, d: 1}, urls: {"en": "https://www.officeholidays.com/holidays/switzerland/neuchatel/switzerland-republic-day"}, inherits: "Republic Day"},
        {type: "D", start: {mon: 3, d: 19}, inherits: "St. Joseph’s Day"},
        {type: "D", start: {Easter: "Easter", offsetD: -2}, inherits: "Good Friday"},
        {type: "D", start: {Easter: "Easter"}, inherits: "Easter"},
        {type: "D", start: {Easter: "Easter", offsetD: 1}, inherits: "Easter Monday"},
        {type: "D", start: {mon: 4, wkd: [5], nth: 1}, urls: {"en": "https://nationaltoday.com/nafelser-fahrt/"}, titles: {"en": "Näfelser Fahrt"}, notes: {"en": "Näfels Ride"}},
        {type: "D", start: {mon: 4, wkd: [2], nth: 3}, urls: {"en": "https://www.officeholidays.com/holidays/switzerland/zurich/sechselauten"}, titles: {"en": "Sechseläuten"}},
        {type: "D", start: {mon: 5, d: 1}, inherits: "May Day"},
        {type: "D", start: {mon: 5, wkd: [1], nth: 2}, urls: {"en": "https://www.officeholidays.com/holidays/switzerland/mothers-day"}, inherits: "Mother’s Day"},
        {type: "D", start: {Easter: "Easter", offsetD: 39}, inherits: "Ascension Day"},
        {type: "D", start: {Easter: "Easter", offsetD: 50}, inherits: "Whit Monday"},
        {type: "D", start: {mon: 6, wkd: [1], nth: 1}, urls: {"en": "https://www.officeholidays.com/holidays/switzerland/fathers-day"}, inherits: "Father’s Day"},
        {type: "D", start: {Easter: "Easter", offsetD: 60}, inherits: "Corpus Christi"},
        {type: "D", start: {mon: 6, d: 23}, urls: {"en": "https://nationaltoday.com/jura-independence-day/"}, inherits: "Independence Day", first: {era: 1, y: 1979}, locations: {"en": "Jura"}},
        {type: "D", start: {mon: 6, d: 29}, urls: {"en": "https://www.officeholidays.com/holidays/switzerland/saint-peter-and-saint-paul"}, inherits: "Saints Peter and Paul"},
        {type: "D", start: {mon: 8, d: 1}, inherits: "Natl Day", first: {era: 1, y: 1899}, urls: {"en": "https://nationaltoday.com/switzerland-national-day/"}},
        {type: "D", start: {mon: 8, d: 15}, inherits: "Assumption Day"},
        {type: "D", start: {mon: 9, d: 5, thruD: 11, wkd: [5]}, titles: {"en": "Jeûne genevois"}, urls: {"en": "https://www.officeholidays.com/holidays/switzerland/geneva/genevan-fast"}},
        {type: "D", start: {mon: 9, d: 9, thruD: 15, wkd: [2]}, titles: {"en": "Knabenschiessen"}, urls: {"en": "https://www.officeholidays.com/holidays/switzerland/zurich/knabenschiessen"}},
        {type: "D", start: {mon: 9, wkd: [1], nth: 3}, titles: {"en": "Swiss Federal Fast"}, urls: {"en": "https://www.officeholidays.com/holidays/switzerland/swiss-federal-fast"}, notes: {"en": "Federal Day of Thanksgiving, Repentance, and Prayer"}},
        {type: "D", start: {mon: 9, d: 16, thruD: 22, wkd: [2]}, titles: {"en": "Bettagsmontag"}, urls: {"en": "https://www.officeholidays.com/holidays/switzerland/bettagsmontag"}, notes: {"en": "Prayer Monday"}},
        {type: "D", start: {mon: 9, d: 22}, titles: {"en": "St. Mauritius’ Day"}, urls: {"en": "https://www.officeholidays.com/holidays/switzerland/appenzell-innerrhoden/st-mauritius-day"}, notes: {"en": "Mauritius Day"}},
        {type: "D", start: {mon: 9, d: 25}, urls: {"en": "https://www.officeholidays.com/holidays/switzerland/obwalden/saint-nicholas-of-fl252e"}, titles: {"en": "St. Nicholas of Flüe Day"}},
        {type: "D", start: {mon: 11, d: 1}, inherits: "All Saints Day"},
        {type: "D", start: {mon: 12, d: 8}, inherits: "the Immaculate Conception"},
        {type: "D", start: {mon: 12, d: 24}, inherits: "Xmas Eve"},
        {type: "D", start: {mon: 12, d: 25}, inherits: "Xmas"},
        {type: "D", start: {mon: 12, d: 26}, inherits: "St. Stephen’s Day"},
        {type: "D", start: {mon: 12, d: 31}, urls: {"en": "https://nationaltoday.com/restoration-day-in-geneva/"}, inherits: "Restoration Day", locations: {"en": "Geneva"}},
        {type: "D", start: {mon: 12, d: 31}, inherits: "New Year’s Eve"},
        
        {inherits: "Carnival", type: "D", start: {Easter: "Easter", offsetD: -55}, locations: {"en": "Schwyz"}},
        {inherits: "Fat Thursday", type: "D", start: {Easter: "Easter", offsetD: -52}},
        {type: "D", start: {Easter: "Easter", offsetD: -48}, inherits: "Shrove Monday"},
        {inherits: "Shrove Tuesday", type: "D", start: {Easter: "Easter", offsetD: -47}},
        {type: "D", start: {Easter: "Easter", offsetD: -46}, inherits: "Ash Wednesday"},
        {titles: {"en": "Lent (day 3)"}, type: "D", start: {Easter: "Easter", offsetD: -44}},
        {titles: {"en": "Lent (day 5)"}, type: "D", start: {Easter: "Easter", offsetD: -41}},
        {titles: {"en": "Lent (day 6)"}, type: "D", start: {Easter: "Easter", offsetD: -40}},
        {titles: {"en": "Lent (day 7)"}, type: "D", start: {Easter: "Easter", offsetD: -39}},
        {type: "D", start: {mon: 10, d: 2}, titles: {"en": "Feast of St. Leodegar"}, notes: {"en": "Schutzengelfest"}},
        {type: "D", start: {mon: 12, d: 12}, titles: {"en": "L’Escalade"}, notes: {"en": "Fête de l’Escalade"}, urls: {"en": "https://en.wikipedia.org/wiki/L%27Escalade"}},

        {type: "D", start: {mon: 3, d: 4}, inherits: "Engineer’s Day", first: {era: 1, y: 2018}},
        {type: "D", start: {mon: 11, d: 20}, inherits: "Children’s Day", first: {era: 1, y: 1925}},
        {type: "D", start: {mon: 11, d: 11}, inherits: "Start of Fasching", first: {era: 1, y: 1234}},
        {type: "D", start: {mon: 9, d: 28}, inherits: "Natl Coffee Day"},
        {type: "D", start: {mon: 1, d: 27}, inherits: "Holocaust Memorial Day", first: {era: 1, y: 2006}},
        {type: "D", start: {mon: 10, d: 11}, inherits: "Natl Coming Out Day", first: {era: 1, y: 1988}},
    ]
}
