{
    titles: {"ca":"Església dels SubGenis","en":"Church of the SubGenius","es":"Iglesia de los subgenios","fi":"Church of the SubGenius","fr":"Church of the SubGenius","it":"Chiesa del SubGenio","nb":"Church of the SubGenius","pl":"Kościół SubGeniuszu","pt":"Igreja do Subgênio","ro":"Biserica SubGenius","ru":"Церковь недомудреца","uk":"Церква НедоМудреця","vi":"Giáo hội SubGenius"},
    defaultLocale: "en",
    calendarCode: "gre",
    calendarColor: {red: 0.50, green: 0.50, blue: 0.50},
    first: {era: 1, y: 1979},
    events: [
        {type: "Y", start: {}, nonoverlappingSubEvents: [
            {type: "D", start: {mon: 1, d: 1}, titles: {"en": "Saint Jesus Christ"}, notes: {"en": "Feast of the Human Sacrifice"}},
            {type: "D", start: {mon: 1, d: 2}, titles: {"en": "Failure of Will Day"}},
            {type: "D", start: {mon: 1, d: 3}, titles: {"en": "Saint Harryhausen"}},
            {type: "D", start: {mon: 1, d: 4}, titles: {"en": "Saint Charles Darwin"}},
            {type: "D", start: {mon: 1, d: 5}, titles: {"en": "Saint Ludwig II"}},
            {type: "D", start: {mon: 1, d: 6}, titles: {"en": "Saint William McGonagall"}},
            {type: "D", start: {mon: 1, d: 7}, titles: {"en": "Saint Russ Meyers"}},
            {type: "D", start: {mon: 1, d: 8}, titles: {"en": "Saint Jimi Hendrix"}},
            {type: "D", start: {mon: 1, d: 9}, titles: {"en": "Saint Sigmund Freud"}},
            {type: "D", start: {mon: 1, d: 10}, titles: {"en": "Saint Mao Tse Tung"}},
            {type: "D", start: {mon: 1, d: 11}, titles: {"en": "Saint Al Capone"}},
            {type: "D", start: {mon: 1, d: 12}, titles: {"en": "Saint Peter Sellers"}},
            {type: "D", start: {mon: 1, d: 13}, titles: {"en": "Saint Werner von Braun"}},
            {type: "D", start: {mon: 1, d: 14}, titles: {"en": "Saint Gort/Saint Guido Franch"}},
            {type: "D", start: {mon: 1, d: 15}, titles: {"en": "Saint Niccolo Machiavelli"}},
            {type: "D", start: {mon: 1, d: 16}, titles: {"en": "Night of the Lemur"}},
            {type: "D", start: {mon: 1, d: 17}, titles: {"en": "Saint Thingfish"}},
            {type: "D", start: {mon: 1, d: 18}, titles: {"en": "Saint Martin Luther"}},
            {type: "D", start: {mon: 1, d: 19}, titles: {"en": "Saint Harlan Ellison"}},
            {type: "D", start: {mon: 1, d: 20}, titles: {"en": "Saint Tiny Tim"}},
            {type: "D", start: {mon: 1, d: 21}, titles: {"en": "Saint Fatty Arbuckle"}},
            {type: "D", start: {mon: 1, d: 22}, titles: {"en": "Saint Basil Wolverton/Annual $2 Contribution"}},
            {type: "D", start: {mon: 1, d: 23}, titles: {"en": "Saint Sergei Eisenstein"}},
            {type: "D", start: {mon: 1, d: 24}, titles: {"en": "Saint Klaatu"}},
            {type: "D", start: {mon: 1, d: 25}, titles: {"en": "Saint Keith Moon"}},
            {type: "D", start: {mon: 1, d: 26}, titles: {"en": "Saint Steve Jackson"}},
            {type: "D", start: {mon: 1, d: 27}, titles: {"en": "Saint Michael Jackson"}, notes: {"en": "Beastification Pending"}},
            {type: "D", start: {mon: 1, d: 28}, titles: {"en": "Saint Alan Funt"}},
            {type: "D", start: {mon: 1, d: 29}, titles: {"en": "Saint Willy Wonka"}},
            {type: "D", start: {mon: 1, d: 30}, titles: {"en": "Saint Ice T"}},
            {type: "D", start: {mon: 1, d: 31}, titles: {"en": "Saint Theodore Kaczinski"}},
            {type: "D", start: {mon: 2, d: 1}, titles: {"en": "Saint Chronos"}},
            {type: "D", start: {mon: 2, d: 2}, titles: {"en": "Saint Roger Corman"}},
            {type: "D", start: {mon: 2, d: 3}, titles: {"en": "Saint Pokemon"}},
            {type: "D", start: {mon: 2, d: 4}, titles: {"en": "Saint Zeus"}},
            {type: "D", start: {mon: 2, d: 5}, titles: {"en": "Saint Benedict Arnold"}},
            {type: "D", start: {mon: 2, d: 6}, titles: {"en": "Saint Tlaloc"}},
            {type: "D", start: {mon: 2, d: 7}, titles: {"en": "Saint Alfred E. Newman"}},
            {type: "D", start: {mon: 2, d: 8}, titles: {"en": "Saint Teletubbie"}},
            {type: "D", start: {mon: 2, d: 9}, titles: {"en": "Saint Lewinsky"}},
            {type: "D", start: {mon: 2, d: 10}, titles: {"en": "Saint Marilyn Monroe"}},
            {type: "D", start: {mon: 2, d: 11}, titles: {"en": "Overindulgence Festival"}},
            {type: "D", start: {mon: 2, d: 12}, titles: {"en": "High Confiscation of Property"}},
            {type: "D", start: {mon: 2, d: 13}, titles: {"en": "Saint Snuffleupagus"}},
            {type: "D", start: {mon: 2, d: 14}, titles: {"en": "Aztec Day/Saint Seka"}},
            {type: "D", start: {mon: 2, d: 15}, titles: {"en": "Saint Grigori Rasputin"}},
            {type: "D", start: {mon: 2, d: 16}, titles: {"en": "Cremation Wednesday/Hash Wednesday (approximate)"}},
            {type: "D", start: {mon: 2, d: 17}, titles: {"en": "Saint Isaac Asimov"}},
            {type: "D", start: {mon: 2, d: 18}, titles: {"en": "Saint Frank Miller"}},
            {type: "D", start: {mon: 2, d: 19}, titles: {"en": "Saint Senor Wenches"}},
            {type: "D", start: {mon: 2, d: 20}, titles: {"en": "Saint I.G. Farben"}},
            {type: "D", start: {mon: 2, d: 21}, titles: {"en": "Saint Boris Karloff"}},
            {type: "D", start: {mon: 2, d: 22}, titles: {"en": "Saint Hunter S. Thompson"}},
            {type: "D", start: {mon: 2, d: 23}, titles: {"en": "Saint Monty Python"}},
            {type: "D", start: {mon: 2, d: 24}, titles: {"en": "Saint Huey Newton"}},
            {type: "D", start: {mon: 2, d: 25}, titles: {"en": "Saint Burke/Saint Hare"}},
            {type: "D", start: {mon: 2, d: 26}, titles: {"en": "Saint Emo Phillips"}},
            {type: "D", start: {mon: 2, d: 27}, titles: {"en": "Saint Carl Sagan"}},
            {type: "D", start: {mon: 2, d: 28}, titles: {"en": "Saint Ken Kesey"}},
            {type: "D", start: {mon: 2, d: 29}, titles: {"en": "Saint Jack Kervorkian"}},
            {type: "D", start: {mon: 3, d: 1}, titles: {"en": "Obeisance before the Blessed Coney Day"}},
            {type: "D", start: {mon: 3, d: 2}, titles: {"en": "Saint Wonder Woman"}},
            {type: "D", start: {mon: 3, d: 3}, titles: {"en": "Saint Newmar"}},
            {type: "D", start: {mon: 3, d: 4}, titles: {"en": "Saint Bulwer-Lytton"}},
            {type: "D", start: {mon: 3, d: 5}, titles: {"en": "Saint George Carlin"}},
            {type: "D", start: {mon: 3, d: 6}, titles: {"en": "Saint Quisling/Treachery Day"}},
            {type: "D", start: {mon: 3, d: 7}, titles: {"en": "Saint Barbara Eden"}},
            {type: "D", start: {mon: 3, d: 8}, titles: {"en": "Saint Weird Al"}},
            {type: "D", start: {mon: 3, d: 9}, titles: {"en": "Saint Millard Fillmore"}},
            {type: "D", start: {mon: 3, d: 10}, titles: {"en": "Saint Mussolini"}},
            {type: "D", start: {mon: 3, d: 11}, titles: {"en": "Saint Bela Lugosi"}},
            {type: "D", start: {mon: 3, d: 12}, titles: {"en": "Saint Houdini"}},
            {type: "D", start: {mon: 3, d: 13}, titles: {"en": "Saint Firesign"}},
            {type: "D", start: {mon: 3, d: 14}, titles: {"en": "Saint Archimedes and Pi approximation"}},
            {type: "D", start: {mon: 3, d: 15}, titles: {"en": "Saint Edward G. Wood"}},
            {type: "D", start: {mon: 3, d: 16}, titles: {"en": "Saint Hercules"}},
            {type: "D", start: {mon: 3, d: 17}, titles: {"en": "Feast of the Blessed Leprechaun/All Snakes’ Day"}},
            {type: "D", start: {mon: 3, d: 18}, titles: {"en": "Saint Barney"}},
            {type: "D", start: {mon: 3, d: 19}, titles: {"en": "Saint Maxwell Smart"}},
            {type: "D", start: {mon: 3, d: 20}, titles: {"en": "Saint Xena"}},
            {type: "D", start: {mon: 3, d: 21}, titles: {"en": "Saint Jack Slade"}},
            {type: "D", start: {mon: 3, d: 22}, titles: {"en": "Saint Keef Richards"}},
            {type: "D", start: {mon: 3, d: 23}, titles: {"en": "Saint Charles Ponzi"}},
            {type: "D", start: {mon: 3, d: 24}, titles: {"en": "Saint Baghwan Shree Rajneesh"}},
            {type: "D", start: {mon: 3, d: 25}, titles: {"en": "Saint Brian Michael Bendis"}},
            {type: "D", start: {mon: 3, d: 26}, titles: {"en": "Saint Nero"}},
            {type: "D", start: {mon: 3, d: 27}, titles: {"en": "Saint John Ramsey/Saint Patsy Ramsey"}},
            {type: "D", start: {mon: 3, d: 28}, titles: {"en": "Palmistry Sunday (approximate)"}},
            {type: "D", start: {mon: 3, d: 29}, titles: {"en": "Saint Erik Satie"}},
            {type: "D", start: {mon: 3, d: 30}, titles: {"en": "Saint Dana Plato"}},
            {type: "D", start: {mon: 3, d: 31}, titles: {"en": "Saint John Dillinger"}},
            {type: "D", start: {mon: 4, d: 1}, titles: {"en": "Saint Eris/Night of the Evil Clown"}},
            {type: "D", start: {mon: 4, d: 2}, titles: {"en": "Passouter (approximate)"}},
            {type: "D", start: {mon: 4, d: 3}, titles: {"en": "Goof Friday (approximate)"}},
            {type: "D", start: {mon: 4, d: 4}, titles: {"en": "Saint Porfirio Diaz"}},
            {type: "D", start: {mon: 4, d: 5}, titles: {"en": "Saint Robert Bloch"}},
            {type: "D", start: {mon: 4, d: 6}, titles: {"en": "Ether Sunday (approximate)"}},
            {type: "D", start: {mon: 4, d: 7}, titles: {"en": "Saint Columbus"}},
            {type: "D", start: {mon: 4, d: 8}, titles: {"en": "Saint Geronimo"}},
            {type: "D", start: {mon: 4, d: 9}, titles: {"en": "Saint Tommy Georgiarides"}},
            {type: "D", start: {mon: 4, d: 10}, titles: {"en": "April 10th Day/Chocolate Overindulgence"}},
            {type: "D", start: {mon: 4, d: 11}, titles: {"en": "Annual $30 Donation"}},
            {type: "D", start: {mon: 4, d: 12}, titles: {"en": "Saint Print Olive"}},
            {type: "D", start: {mon: 4, d: 13}, titles: {"en": "Saint Bill Hicks (The Great)"}},
            {type: "D", start: {mon: 4, d: 14}, titles: {"en": "Saint Adolph Hitler"}},
            {type: "D", start: {mon: 4, d: 15}, titles: {"en": "Saint Vlad Tepes"}},
            {type: "D", start: {mon: 4, d: 16}, titles: {"en": "Saint Messalina/All Hookers’ Day"}},
            {type: "D", start: {mon: 4, d: 17}, titles: {"en": "Saint Tinkerbell"}},
            {type: "D", start: {mon: 4, d: 18}, titles: {"en": "Saint Lady Macbeth"}},
            {type: "D", start: {mon: 4, d: 19}, titles: {"en": "Saint David Koresh"}},
            {type: "D", start: {mon: 4, d: 20}, titles: {"en": "Saint R. Bud Dwyer"}},
            {type: "D", start: {mon: 4, d: 21}, titles: {"en": "Saint Space Angel"}},
            {type: "D", start: {mon: 4, d: 22}, titles: {"en": "Saint R. Crumb (The Great)"}},
            {type: "D", start: {mon: 4, d: 23}, titles: {"en": "Day of the Glorious Fuckup"}},
            {type: "D", start: {mon: 4, d: 24}, titles: {"en": "Saint Commodus"}},
            {type: "D", start: {mon: 4, d: 25}, titles: {"en": "Saint T"}},
            {type: "D", start: {mon: 4, d: 26}, titles: {"en": "Saint Jethro Tull"}},
            {type: "D", start: {mon: 4, d: 27}, titles: {"en": "Saint Shemp"}},
            {type: "D", start: {mon: 4, d: 28}, titles: {"en": "Saint Palmer"}},
            {type: "D", start: {mon: 4, d: 29}, titles: {"en": "Saint Tito Jackson"}},
            {type: "D", start: {mon: 4, d: 30}, titles: {"en": "Saint Elvis Costello"}},
            {type: "D", start: {mon: 5, d: 1}, titles: {"en": "Saint Catherine I (The Great)"}},
            {type: "D", start: {mon: 5, d: 2}, titles: {"en": "Saint Nina Hartley"}},
            {type: "D", start: {mon: 5, d: 3}, titles: {"en": "Saint Frank Zappa"}},
            {type: "D", start: {mon: 5, d: 4}, titles: {"en": "Saint Rodney Allen Rippey"}},
            {type: "D", start: {mon: 5, d: 5}, titles: {"en": "Saint Tiberius"}},
            {type: "D", start: {mon: 5, d: 6}, titles: {"en": "Saint Guiness (The Stout)"}},
            {type: "D", start: {mon: 5, d: 7}, titles: {"en": "Saint Peter Lorre"}},
            {type: "D", start: {mon: 5, d: 8}, titles: {"en": "Saint Buddha/Saint Chivington"}, notes: {"en": "Delousing Day"}},
            {type: "D", start: {mon: 5, d: 9}, titles: {"en": "Saint Medea/Saint Oedipus (approximate)"}},
            {type: "D", start: {mon: 5, d: 10}, titles: {"en": "Saint John Holmes"}},
            {type: "D", start: {mon: 5, d: 11}, titles: {"en": "Saint Salvador Dali"}},
            {type: "D", start: {mon: 5, d: 12}, titles: {"en": "Saint Hugh Hefner"}},
            {type: "D", start: {mon: 5, d: 13}, titles: {"en": "Saint Judy Tenuta"}},
            {type: "D", start: {mon: 5, d: 14}, titles: {"en": "Saint Wonder Warthog"}},
            {type: "D", start: {mon: 5, d: 15}, titles: {"en": "Saint Jagger"}},
            {type: "D", start: {mon: 5, d: 16}, titles: {"en": "Saint Bismarck"}},
            {type: "D", start: {mon: 5, d: 17}, titles: {"en": "Saint Laval homeboy"}},
            {type: "D", start: {mon: 5, d: 18}, titles: {"en": "Saint Leonard Nimoy"}},
            {type: "D", start: {mon: 5, d: 19}, titles: {"en": "Saint Fats Waller"}},
            {type: "D", start: {mon: 5, d: 20}, titles: {"en": "Saint Edward II"}},
            {type: "D", start: {mon: 5, d: 21}, titles: {"en": "Free Money Day"}},
            {type: "D", start: {mon: 5, d: 22}, titles: {"en": "Saint Elphinstone"}},
            {type: "D", start: {mon: 5, d: 23}, titles: {"en": "Saint Slim Pickens"}},
            {type: "D", start: {mon: 5, d: 24}, titles: {"en": "Victory over the U.S. Day (Can.)"}},
            {type: "D", start: {mon: 5, d: 25}, titles: {"en": "Saint Stalin"}},
            {type: "D", start: {mon: 5, d: 26}, titles: {"en": "Saint Lenny Bruce (The Great)"}},
            {type: "D", start: {mon: 5, d: 27}, titles: {"en": "Saint Edward Teach/Pillage Festival"}},
            {type: "D", start: {mon: 5, d: 28}, titles: {"en": "Saint Pere Ubu (Roi)"}},
            {type: "D", start: {mon: 5, d: 29}, titles: {"en": "Saint Spike Jones"}},
            {type: "D", start: {mon: 5, d: 30}, titles: {"en": "Saint Winnie Ruth Judd"}},
            {type: "D", start: {mon: 5, d: 31}, titles: {"en": "Desecration Day"}},
            {type: "D", start: {mon: 6, d: 1}, titles: {"en": "Saint Daniel Boone"}},
            {type: "D", start: {mon: 6, d: 2}, titles: {"en": "Saint Marquis de Sade/Yell “Fudge” at North American Cobras Day"}},
            {type: "D", start: {mon: 6, d: 3}, titles: {"en": "Saint Smurf"}},
            {type: "D", start: {mon: 6, d: 4}, titles: {"en": "Saint Werner Klemperer"}},
            {type: "D", start: {mon: 6, d: 5}, titles: {"en": "Saint Wild Man Fischer"}},
            {type: "D", start: {mon: 6, d: 6}, titles: {"en": "Saint Santa Anna"}},
            {type: "D", start: {mon: 6, d: 7}, titles: {"en": "Edtors’ Day"}},
            {type: "D", start: {mon: 6, d: 8}, titles: {"en": "Saint Iggy Pop"}},
            {type: "D", start: {mon: 6, d: 9}, titles: {"en": "Saint Jim Jones"}},
            {type: "D", start: {mon: 6, d: 10}, titles: {"en": "Saint Wacky Wall Walker"}},
            {type: "D", start: {mon: 6, d: 11}, titles: {"en": "Day of the One Hit Wonders"}},
            {type: "D", start: {mon: 6, d: 12}, titles: {"en": "Saint Sparky/Saint Gerard Hoffnung"}},
            {type: "D", start: {mon: 6, d: 13}, titles: {"en": "Saint Annie Sprinkle"}},
            {type: "D", start: {mon: 6, d: 14}, titles: {"en": "Fag Day (approximate)"}},
            {type: "D", start: {mon: 6, d: 15}, titles: {"en": "Saint Howard Hughes"}},
            {type: "D", start: {mon: 6, d: 16}, titles: {"en": "Saint das Steppenwolf"}},
            {type: "D", start: {mon: 6, d: 17}, titles: {"en": "Saint Zontar of Venus"}},
            {type: "D", start: {mon: 6, d: 18}, titles: {"en": "Saint Elvis"}, notes: {"en": "Secular “National Splurge Day”"}},
            {type: "D", start: {mon: 6, d: 19}, titles: {"en": "Saint Robert Heinlein"}},
            {type: "D", start: {mon: 6, d: 20}, titles: {"en": "Saint Joseph Smith"}},
            {type: "D", start: {mon: 6, d: 21}, titles: {"en": "Saint Sam Kinnison"}},
            {type: "D", start: {mon: 6, d: 22}, titles: {"en": "Saint Kali"}},
            {type: "D", start: {mon: 6, d: 23}, titles: {"en": "Saint Bob Marley"}},
            {type: "D", start: {mon: 6, d: 24}, titles: {"en": "Saint Anton LaVey"}},
            {type: "D", start: {mon: 6, d: 25}, titles: {"en": "Saint Ed Gein"}},
            {type: "D", start: {mon: 6, d: 26}, titles: {"en": "Saint Archie McPhee"}},
            {type: "D", start: {mon: 6, d: 27}, titles: {"en": "Saint James Dean"}},
            {type: "D", start: {mon: 6, d: 28}, titles: {"en": "Saint Carlos Castaneda"}},
            {type: "D", start: {mon: 6, d: 29}, titles: {"en": "Saint Elizabeth Claire Chapel"}},
            {type: "D", start: {mon: 6, d: 30}, titles: {"en": "Saint “Papa Doc” Duvalier"}},
            {type: "D", start: {mon: 7, d: 1}, titles: {"en": "Oh! Canada Day (B.C.)"}},
            {type: "D", start: {mon: 7, d: 2}, titles: {"en": "Saint Phil Spector"}},
            {type: "D", start: {mon: 7, d: 3}, titles: {"en": "Saint Alec Guiness"}},
            {type: "D", start: {mon: 7, d: 4}, titles: {"en": "Saint Elizabeth Montgomery"}},
            {type: "D", start: {mon: 7, d: 5}, titles: {"en": "X-Day"}, urls: {"en": "https://en.wikipedia.org/wiki/X-Day_(Church_of_the_SubGenius)"}, first: {era: 1, y: 1998}},
            {type: "D", start: {mon: 7, d: 6}, titles: {"en": "Saint Arthur C. Clarke"}},
            {type: "D", start: {mon: 7, d: 7}, titles: {"en": "X-Day (approximate)"}},
            {type: "D", start: {mon: 7, d: 8}, titles: {"en": "Saint Zorak"}},
            {type: "D", start: {mon: 7, d: 9}, titles: {"en": "Saint MojoDick Nixon"}},
            {type: "D", start: {mon: 7, d: 10}, titles: {"en": "Saint Mel Blanc"}},
            {type: "D", start: {mon: 7, d: 11}, titles: {"en": "Saint Poncho Villa"}},
            {type: "D", start: {mon: 7, d: 12}, titles: {"en": "Saint Pam Grier"}},
            {type: "D", start: {mon: 7, d: 13}, titles: {"en": "Saint Macarena"}},
            {type: "D", start: {mon: 7, d: 14}, titles: {"en": "Saint Humphrey Bogart"}},
            {type: "D", start: {mon: 7, d: 15}, titles: {"en": "Saint Neil Gaiman"}},
            {type: "D", start: {mon: 7, d: 16}, titles: {"en": "Display of the Embarrassing Swimsuits"}},
            {type: "D", start: {mon: 7, d: 17}, titles: {"en": "Saint Caligula"}},
            {type: "D", start: {mon: 7, d: 18}, titles: {"en": "Saint Thomas Morton"}},
            {type: "D", start: {mon: 7, d: 19}, titles: {"en": "Saint Dr. Doom/Saint Thulsa Doom"}},
            {type: "D", start: {mon: 7, d: 20}, titles: {"en": "Saint Pope John XII"}},
            {type: "D", start: {mon: 7, d: 21}, titles: {"en": "Saint Alan Moore"}},
            {type: "D", start: {mon: 7, d: 22}, titles: {"en": "Saint Karl Marx/Saint James Whale and 1/Pi approximation"}},
            {type: "D", start: {mon: 7, d: 23}, titles: {"en": "Saint Groucho Marx"}},
            {type: "D", start: {mon: 7, d: 24}, titles: {"en": "Saint Sylvester Graham"}},
            {type: "D", start: {mon: 7, d: 25}, titles: {"en": "Saint Shylock"}},
            {type: "D", start: {mon: 7, d: 26}, titles: {"en": "Saint Stanley Kubrick"}},
            {type: "D", start: {mon: 7, d: 27}, titles: {"en": "Saint Madonna"}},
            {type: "D", start: {mon: 7, d: 28}, titles: {"en": "Saint Marty Feldman"}},
            {type: "D", start: {mon: 7, d: 29}, titles: {"en": "Saint Brigham Young"}},
            {type: "D", start: {mon: 7, d: 30}, titles: {"en": "Saint Demento"}},
            {type: "D", start: {mon: 7, d: 31}, titles: {"en": "Saint Bill Gates"}},
            {type: "D", start: {mon: 8, d: 1}, titles: {"en": "Drug Side-effects Day"}, notes: {"en": "Saint Lobster Boy’s Day"}},
            {type: "D", start: {mon: 8, d: 2}, titles: {"en": "Saint Robert Goddard"}},
            {type: "D", start: {mon: 8, d: 3}, titles: {"en": "Saint Dymphna"}},
            {type: "D", start: {mon: 8, d: 4}, titles: {"en": "Saint Charles Addams"}},
            {type: "D", start: {mon: 8, d: 5}, titles: {"en": "Saint Lucretia Borgia/Saint Enola Gay"}},
            {type: "D", start: {mon: 8, d: 6}, titles: {"en": "Dance of the Insensitive Bastards"}},
            {type: "D", start: {mon: 8, d: 7}, titles: {"en": "Saint Idi Amin"}},
            {type: "D", start: {mon: 8, d: 8}, titles: {"en": "Saint Britishthermalunit, inventor of AC"}},
            {type: "D", start: {mon: 8, d: 9}, titles: {"en": "Saint Rosencranz/Saint Gilderstern"}},
            {type: "D", start: {mon: 8, d: 10}, titles: {"en": "Saint Irwin Corey"}},
            {type: "D", start: {mon: 8, d: 11}, titles: {"en": "Saint Clare/Saint Mick Foley"}},
            {type: "D", start: {mon: 8, d: 12}, titles: {"en": "Saint Francisco Franco"}},
            {type: "D", start: {mon: 8, d: 13}, titles: {"en": "Saint Prospero"}},
            {type: "D", start: {mon: 8, d: 14}, titles: {"en": "Saint Buck Dharma"}},
            {type: "D", start: {mon: 8, d: 15}, titles: {"en": "Saint Marilyn Chambers"}},
            {type: "D", start: {mon: 8, d: 16}, titles: {"en": "Solarinite Day"}},
            {type: "D", start: {mon: 8, d: 17}, titles: {"en": "Saint Sharon Mitchell"}},
            {type: "D", start: {mon: 8, d: 18}, titles: {"en": "Saint Richard Wagner"}},
            {type: "D", start: {mon: 8, d: 19}, titles: {"en": "Saint Brian Mulrooney"}},
            {type: "D", start: {mon: 8, d: 20}, titles: {"en": "Saint Harpo/Saint Cuitlahac"}},
            {type: "D", start: {mon: 8, d: 21}, titles: {"en": "Saint Broaderick Crawford"}},
            {type: "D", start: {mon: 8, d: 22}, titles: {"en": "Saint Ignatius Reilly"}},
            {type: "D", start: {mon: 8, d: 23}, titles: {"en": "Nuclear Accident Day"}},
            {type: "D", start: {mon: 8, d: 24}, titles: {"en": "Saint Aubrey Beardsley"}},
            {type: "D", start: {mon: 8, d: 25}, titles: {"en": "Saint Heliogabalus"}},
            {type: "D", start: {mon: 8, d: 26}, titles: {"en": "Saint Lizzie Borden"}},
            {type: "D", start: {mon: 8, d: 27}, titles: {"en": "Saint Harris/Saint Klebold"}},
            {type: "D", start: {mon: 8, d: 28}, titles: {"en": "Saint Frank Gorshin"}},
            {type: "D", start: {mon: 8, d: 29}, titles: {"en": "Saint Gahan Wilson"}},
            {type: "D", start: {mon: 8, d: 30}, titles: {"en": "Saint Thor"}},
            {type: "D", start: {mon: 8, d: 31}, titles: {"en": "Saint Paul Reubens"}},
            {type: "D", start: {mon: 9, d: 1}, titles: {"en": "Begins the month of Ramalamadingdong"}},
            {type: "D", start: {mon: 9, d: 2}, titles: {"en": "Saint Benny Hill"}},
            {type: "D", start: {mon: 9, d: 3}, titles: {"en": "Saint Wendy O. Williams/Saint Lawrence Welk"}},
            {type: "D", start: {mon: 9, d: 4}, titles: {"en": "Saint Chester Brown/Saint Ed the Happy Clown"}},
            {type: "D", start: {mon: 9, d: 5}, titles: {"en": "Saint Henry Louis Mencken"}},
            {type: "D", start: {mon: 9, d: 6}, titles: {"en": "Cesarean Section Day (approximate)"}},
            {type: "D", start: {mon: 9, d: 7}, titles: {"en": "Saint Susan Saint James"}},
            {type: "D", start: {mon: 9, d: 8}, titles: {"en": "Saint Jill Saint John"}},
            {type: "D", start: {mon: 9, d: 9}, titles: {"en": "Saint Dean Corll"}},
            {type: "D", start: {mon: 9, d: 10}, titles: {"en": "Saint Chico"}},
            {type: "D", start: {mon: 9, d: 11}, titles: {"en": "Saint Werewolf"}},
            {type: "D", start: {mon: 9, d: 12}, titles: {"en": "Rush to Judgement Day"}},
            {type: "D", start: {mon: 9, d: 13}, titles: {"en": "Saint Livia/Saint Barry Fell"}},
            {type: "D", start: {mon: 9, d: 14}, titles: {"en": "Saint Vaughn Bode"}},
            {type: "D", start: {mon: 9, d: 15}, titles: {"en": "Saint Gilles de Rais"}},
            {type: "D", start: {mon: 9, d: 16}, titles: {"en": "The Day That Shall Not Be Named"}},
            {type: "D", start: {mon: 9, d: 17}, titles: {"en": "Saint William Shatner"}},
            {type: "D", start: {mon: 9, d: 18}, titles: {"en": "Third Nostril of Christ Day/Saint John Harvey Kellogg"}},
            {type: "D", start: {mon: 9, d: 19}, titles: {"en": "March of the Reanimated Corpses"}},
            {type: "D", start: {mon: 9, d: 20}, titles: {"en": "Yummy Kippers Day"}},
            {type: "D", start: {mon: 9, d: 21}, titles: {"en": "Saint Jerry Garcia"}},
            {type: "D", start: {mon: 9, d: 22}, titles: {"en": "Brother Dave Gardner"}},
            {type: "D", start: {mon: 9, d: 23}, titles: {"en": "Saint la Cicclioni"}},
            {type: "D", start: {mon: 9, d: 24}, titles: {"en": "Saint Teddy Ruxpin"}},
            {type: "D", start: {mon: 9, d: 25}, titles: {"en": "Saint Captain Beefheart"}},
            {type: "D", start: {mon: 9, d: 26}, titles: {"en": "Saint Franz Liszt"}},
            {type: "D", start: {mon: 9, d: 27}, titles: {"en": "Saint Hieronymous Bosch"}},
            {type: "D", start: {mon: 9, d: 28}, titles: {"en": "Saint Hazelwood"}, notes: {"en": "Beer Day"}},
            {type: "D", start: {mon: 9, d: 29}, titles: {"en": "The Daily Double"}},
            {type: "D", start: {mon: 9, d: 30}, titles: {"en": "Saint John Waters"}},
            {type: "D", start: {mon: 10, d: 1}, titles: {"en": "Descension of the Lawyers Day"}},
            {type: "D", start: {mon: 10, d: 2}, titles: {"en": "Saint Redd Foxx"}},
            {type: "D", start: {mon: 10, d: 3}, titles: {"en": "Saint Gomer"}},
            {type: "D", start: {mon: 10, d: 4}, titles: {"en": "Saint Buster Keaton"}},
            {type: "D", start: {mon: 10, d: 5}, titles: {"en": "Saint Pope Benedict IX"}},
            {type: "D", start: {mon: 10, d: 6}, titles: {"en": "Saint Ghengis"}},
            {type: "D", start: {mon: 10, d: 7}, titles: {"en": "Saint Odin"}},
            {type: "D", start: {mon: 10, d: 8}, titles: {"en": "Saint Sawney Beane"}},
            {type: "D", start: {mon: 10, d: 9}, titles: {"en": "Saint Attila"}},
            {type: "D", start: {mon: 10, d: 10}, titles: {"en": "Saint Madeline Murray O’Hair"}},
            {type: "D", start: {mon: 10, d: 11}, titles: {"en": "Saint Sid Vicious/Saint NENSLO/Saint Lt. Columbo/Bitterness Day (Can.)"}},
            {type: "D", start: {mon: 10, d: 12}, titles: {"en": "Saint Frank Sinatra"}},
            {type: "D", start: {mon: 10, d: 13}, titles: {"en": "Saint Alan Turing (Geek Orthodox)"}},
            {type: "D", start: {mon: 10, d: 14}, titles: {"en": "Saint Judge Isaac Parker (approximate)"}},
            {type: "D", start: {mon: 10, d: 15}, titles: {"en": "Saint Richard Speck"}},
            {type: "D", start: {mon: 10, d: 16}, titles: {"en": "Saint Pamela Anderson"}},
            {type: "D", start: {mon: 10, d: 17}, titles: {"en": "Saint Dean Martin/Saint Jerry Lewis"}},
            {type: "D", start: {mon: 10, d: 18}, titles: {"en": "Saint Richelieu"}},
            {type: "D", start: {mon: 10, d: 19}, titles: {"en": "Saint Barbarella"}},
            {type: "D", start: {mon: 10, d: 20}, titles: {"en": "Saint Francis Bacon"}},
            {type: "D", start: {mon: 10, d: 21}, titles: {"en": "Saint Bruno Hauptmann"}},
            {type: "D", start: {mon: 10, d: 22}, titles: {"en": "Saint Catherine di Medici/Saint Timothy Leary"}},
            {type: "D", start: {mon: 10, d: 23}, titles: {"en": "Saint Bobby London"}},
            {type: "D", start: {mon: 10, d: 24}, titles: {"en": "Saint Janis Joplin"}},
            {type: "D", start: {mon: 10, d: 25}, titles: {"en": "The Day To Be Named Later"}},
            {type: "D", start: {mon: 10, d: 26}, titles: {"en": "Saint Onan"}},
            {type: "D", start: {mon: 10, d: 27}, titles: {"en": "Festival of the Conspiracies (3.3 days)"}},
            {type: "D", start: {mon: 10, d: 28}, titles: {"en": "Saint Gumby"}},
            {type: "D", start: {mon: 10, d: 29}, titles: {"en": "Saint Lazarus Long"}},
            {type: "D", start: {mon: 10, d: 30}, titles: {"en": "Saint Country Joe"}},
            {type: "D", start: {mon: 10, d: 31}, titles: {"en": "Saint Bob Crane"}, notes: {"en": "Night of a Thousand Screams"}},
            {type: "D", start: {mon: 11, d: 1}, titles: {"en": "Saint Bozo (approximate, the first Tuesday after first Monday)"}},
            {type: "D", start: {mon: 11, d: 2}, titles: {"en": "Erection Day (approximate)/Saint Viagra"}},
            {type: "D", start: {mon: 11, d: 3}, titles: {"en": "Saint Ambrose Bierce"}},
            {type: "D", start: {mon: 11, d: 4}, titles: {"en": "Saint Boccaccio"}},
            {type: "D", start: {mon: 11, d: 5}, titles: {"en": "Saint Albert Camus"}},
            {type: "D", start: {mon: 11, d: 6}, titles: {"en": "Saint Burroughs (either)"}},
            {type: "D", start: {mon: 11, d: 7}, titles: {"en": "Saint Charles Baudelaire"}},
            {type: "D", start: {mon: 11, d: 8}, titles: {"en": "Saint Mae West"}},
            {type: "D", start: {mon: 11, d: 9}, titles: {"en": "Saint Harold ‘Doc’ Edgerton"}},
            {type: "D", start: {mon: 11, d: 10}, titles: {"en": "Saint Cthulu"}},
            {type: "D", start: {mon: 11, d: 11}, titles: {"en": "Saint Charlie Manson/Victory over Pinks VP Day"}},
            {type: "D", start: {mon: 11, d: 12}, titles: {"en": "Saint L. Ron Hubbard"}},
            {type: "D", start: {mon: 11, d: 13}, titles: {"en": "Saint Otis Campbell"}},
            {type: "D", start: {mon: 11, d: 14}, titles: {"en": "Saint Sappho"}},
            {type: "D", start: {mon: 11, d: 15}, titles: {"en": "Saint Evel Knievel"}},
            {type: "D", start: {mon: 11, d: 16}, titles: {"en": "Saint Herschell Gordon Lewis"}},
            {type: "D", start: {mon: 11, d: 17}, titles: {"en": "Smoke Someone Out Day (approximate)"}},
            {type: "D", start: {mon: 11, d: 18}, titles: {"en": "Saint Charles Fort/Saint Aleister Crowley"}},
            {type: "D", start: {mon: 11, d: 19}, titles: {"en": "Hate for the Sake of Hating"}},
            {type: "D", start: {mon: 11, d: 20}, titles: {"en": "Saint Abdul Aziz"}},
            {type: "D", start: {mon: 11, d: 21}, titles: {"en": "Clone Day"}},
            {type: "D", start: {mon: 11, d: 22}, titles: {"en": "Clone Day"}},
            {type: "D", start: {mon: 11, d: 23}, titles: {"en": "Saint Frederick Nietzsche"}},
            {type: "D", start: {mon: 11, d: 24}, titles: {"en": "Saint Krisfaluchi"}},
            {type: "D", start: {mon: 11, d: 25}, titles: {"en": "Bitterness Day (U.S.)"}},
            {type: "D", start: {mon: 11, d: 26}, titles: {"en": "Saint Hugo Ball"}},
            {type: "D", start: {mon: 11, d: 27}, titles: {"en": "Saint Eugene V. Debs"}},
            {type: "D", start: {mon: 11, d: 28}, titles: {"en": "Saint Space Ghost/Saint Moltar"}},
            {type: "D", start: {mon: 11, d: 29}, titles: {"en": "Ummm.Bacon Day/Vegetarian Remission Day"}},
            {type: "D", start: {mon: 11, d: 30}, titles: {"en": "Saint Samuel Clemens"}},
            {type: "D", start: {mon: 12, d: 1}, titles: {"en": "Saint Mothra/Feast of Saints Kyle, Stan, Cartman and Kenny"}},
            {type: "D", start: {mon: 12, d: 2}, titles: {"en": "Saint Rodan"}},
            {type: "D", start: {mon: 12, d: 3}, titles: {"en": "Saint Godzilla"}},
            {type: "D", start: {mon: 12, d: 4}, titles: {"en": "Saint Mechagodzilla"}},
            {type: "D", start: {mon: 12, d: 5}, titles: {"en": "Saint Ghidra/Saint Mechaghidra"}},
            {type: "D", start: {mon: 12, d: 6}, titles: {"en": "Saint Gamera"}},
            {type: "D", start: {mon: 12, d: 7}, titles: {"en": "Feast of All Monsters"}},
            {type: "D", start: {mon: 12, d: 8}, titles: {"en": "Saint Chesty Puller"}},
            {type: "D", start: {mon: 12, d: 9}, titles: {"en": "The Martyrdom of Saint Kenny"}},
            {type: "D", start: {mon: 12, d: 10}, titles: {"en": "Bureau of Alcohol, Tobacco and Firearms Day"}},
            {type: "D", start: {mon: 12, d: 11}, titles: {"en": "Saint Roddenberry"}},
            {type: "D", start: {mon: 12, d: 12}, titles: {"en": "Saint John Wayne Gacy"}},
            {type: "D", start: {mon: 12, d: 13}, titles: {"en": "Saint John Wayne/Saint Larry Storch"}},
            {type: "D", start: {mon: 12, d: 14}, titles: {"en": "Whiny Victimization/Co-Dependency Day"}},
            {type: "D", start: {mon: 12, d: 15}, titles: {"en": "Saint Joseph “Le Petomane” Pujol"}},
            {type: "D", start: {mon: 12, d: 16}, titles: {"en": "Saint Crispin Glover/Saint Philip K. Dick"}},
            {type: "D", start: {mon: 12, d: 17}, titles: {"en": "Saint Sacco/Saint Vanzetti"}},
            {type: "D", start: {mon: 12, d: 18}, titles: {"en": "Running of the Roboderos"}},
            {type: "D", start: {mon: 12, d: 19}, titles: {"en": "Saint Lorenzo di Medici"}},
            {type: "D", start: {mon: 12, d: 20}, titles: {"en": "Saint Cheech/Saint Chong"}},
            {type: "span", start: {mon: 12, d: 21, h: 4, min: 0, s: 0}, end: {mon: 12, d: 21, h: 4, min: 1, s: 0}, titles: {"en": "Feelings of Gnawing Guilt Minute"}},
            {type: "D", start: {mon: 12, d: 22}, titles: {"en": "Saint Bootsy Collins"}},
            {type: "D", start: {mon: 12, d: 23}, titles: {"en": "Saint John Belushi"}},
            {type: "D", start: {mon: 12, d: 24}, titles: {"en": "Saint Krishna"}},
            {type: "D", start: {mon: 12, d: 25}, titles: {"en": "Robert ‘Bob’ Leroy Ripley/Festival of Fish-Fighting, Fisting and Felching"}},
            {type: "D", start: {mon: 12, d: 26}, titles: {"en": "Saint John Calvin"}},
            {type: "D", start: {mon: 12, d: 27}, titles: {"en": "Saint Loki"}},
            {type: "D", start: {mon: 12, d: 28}, titles: {"en": "Saint Mike (The Bike) Hailwood"}},
            {type: "D", start: {mon: 12, d: 29}, titles: {"en": "Saint Vanessa del Rio"}},
            {type: "D", start: {mon: 12, d: 30}, titles: {"en": "Boxing the Jesuit Day (Can.)"}},
            {type: "D", start: {mon: 12, d: 31}, titles: {"en": "Saint Lucifer"}, notes: {"en": "Look Good Until You Die Day"}},
        ]},
    ]
}
