{
    titles: {"*": "PT"},
    "//": "Portugal",
    defaultLocale: "en",
    calendarCode: "gre",
    calendarColor: {red: 0.02, green: 0.42, blue: 0.22},
    urls: {"en": "https://en.wikipedia.org/wiki/Public_holidays_in_Portugal"},
    first: {era: 1, y: 868},
    events: [
        {type: "D", start: {mon: 1, d: 1}, inherits: "New Year’s Day"},
        {type: "D", start: {Easter: "Easter", offsetD: -47}, inherits: "Carnival Tuesday"},
        {type: "D", start: {mon: 3, d: 19}, inherits: "Father’s Day", urls: {"en": "https://www.officeholidays.com/holidays/portugal/fathers-day"}},
        {type: "D", start: {Easter: "Easter", offsetD: -2}, inherits: "Good Friday"},
        {type: "D", start: {Easter: "Easter"}, inherits: "Easter"},
        {type: "D", start: {mon: 4, d: 25}, urls: {"en": "https://nationaltoday.com/freedom-day-portugal/"}, inherits: "Freedom Day"},
        {type: "D", start: {mon: 5, d: 1}, inherits: "Labour Day"},
        {inherits: "Mother’s Day", type: "D", start: {mon: 5, wkd: [1], nth: 1}, urls: {"en": "https://www.officeholidays.com/holidays/portugal/mothers-day"}},
        {type: "D", start: {mon: 5, d: 29}, urls: {"en": "https://www.officeholidays.com/holidays/portugal/azores/day-of-the-azores"}, titles: {"en": "Day of the Azores", "pt": "Dia da Região Autónoma dos Açores"}, first: {era: 1, y: 1976}, notes: {"pt": "Dia da Pombinha\nDia do Bodo"}},
        {type: "D", start: {Easter: "Easter", offsetD: 60}, inherits: "Corpus Christi"},
        {titles: {"en": "Portugal Day", "he": "יום פורטוגל", "pt": "Dia de Portugal, de Camões e das Comunidades Portuguesas"}, type: "D", start: {mon: 6, d: 10}, urls: {"en": "https://nationaltoday.com/portugal-day/"}},
        {type: "D", start: {mon: 6, d: 13}, inherits: "St. Anthony of Padua"},
        {type: "D", start: {mon: 6, d: 24}, inherits: "St. John’s Day"},
        {titles: {"en": "Madeira Day", "pt": "Dia da Região Autónoma da Madeira e das Comunidades Madeirenses"}, type: "D", start: {mon: 7, d: 1}, urls: {"en": "https://nationaltoday.com/madeira-day/"}, first: {era: 1, y: 1976}},
        {type: "D", start: {mon: 8, d: 15}, inherits: "Assumption Day"},
        {type: "D", start: {mon: 10, d: 5}, inherits: "Republic Day", first: {era: 1, y: 1910}, urls: {"en": "https://nationaltoday.com/portugal-republic-day/"}},
        {type: "D", start: {mon: 11, d: 1}, inherits: "All Saints Day"},
        {type: "D", start: {mon: 12, d: 1}, inherits: "Restoration of Independence Day", first: {era: 1, y: 1668}, urls: {"en": "https://nationaltoday.com/portugal-independence-day/"}},
        {type: "D", start: {mon: 12, d: 8}, inherits: "Immaculate Conception"},
        {type: "D", start: {mon: 12, d: 25}, inherits: "Xmas"},
        {type: "D", start: {mon: 12, d: 26}, inherits: "Boxing Day", urls: {"en": "https://www.officeholidays.com/holidays/portugal/madeira/christmas-holiday"}},
        
        {type: "D", start: {mon: 6, d: 1}, inherits: "Children’s Day"},
        {type: "D", start: {mon: 5, d: 20}, inherits: "Navy Day", first: {era: 1, y: 1998}},
        {type: "D", start: {mon: 4, d: 14}, inherits: "Natl Coffee Day"},
        
        {type: "D", start: {mon: 1, d: 15}, inherits: "Dia do Concelho", locations: {"en": "Santa Cruz"}},
        {type: "D", start: {mon: 1, d: 20}, inherits: "St. Sebastian"},
        {type: "D", start: {mon: 1, d: 22}, inherits: "Dia do Concelho", locations: {"en": "São Vicente"}},
        {type: "D", start: {mon: 2, d: 18}, inherits: "Dia do Concelho", locations: {"en": "Valença"}},
        {type: "D", start: {mon: 3, d: 19}, inherits: "St. Joseph’s Day"},
        {type: "D", start: {mon: 4, d: 11}, inherits: "Dia do Concelho", locations: {"en": "Lagoa"}},
        {type: "D", start: {mon: 4, d: 23}, inherits: "St. George’s Day"},
        {type: "D", start: {Easter: "Easter", offsetD: 1}, inherits: "Easter Monday"},
        {type: "D", start: {Easter: "Easter", offsetD: 39}, inherits: "Ascension Day"},
        {inherits: "Dia do Concelho", type: "D", start: {Easter: "Easter", offsetD: 28}, locations: {"en": "Ponta Delgada"}},
        {inherits: "Dia do Concelho", type: "D", start: {mon: 5, d: 25}, locations: {"en": "Santana"}},
        {type: "D", start: {mon: 6, d: 13}, inherits: "St. Anthony of Padua"},
        {inherits: "Dia do Concelho", type: "D", start: {mon: 6, d: 16}, locations: {"en": "Olhão"}},
        {inherits: "Dia do Concelho", type: "D", start: {mon: 6, d: 20}, locations: {"en": "Corvo"}},
        {type: "D", start: {mon: 6, d: 24}, inherits: "St. John’s Day"},
        {type: "D", start: {mon: 6, d: 29}, inherits: "Saints Peter and Paul", titles: {"en": "Saint Peter’s Day", "pt": "Dia de São Pedro"}},
        {inherits: "St. Elizabeth of Portugal", type: "D", start: {mon: 7, d: 4}},
        {inherits: "Dia do Concelho", type: "D", start: {mon: 7, wkd: [2], nth: 3}, locations: {"en": "Lajes das Flores"}},
        {inherits: "Dia do Concelho", type: "D", start: {mon: 7, d: 18}, locations: {"en": "Nordeste"}},
        {inherits: "Dia do Concelho", type: "D", start: {mon: 7, d: 22}, locations: {"en": "Porto Moniz and Madalena"}},
        {inherits: "Dia do Concelho", type: "D", start: {mon: 7, d: 26}, locations: {"en": "Loures"}},
        {inherits: "Dia do Concelho", type: "D", start: {mon: 8, d: 11}, locations: {"en": "Praia da Vitória"}},
        {inherits: "Dia do Concelho", type: "D", start: {mon: 8, d: 16}, locations: {"en": "São Roque do Pico"}},
        {inherits: "Dia do Concelho", type: "D", start: {mon: 8, d: 20}, locations: {"en": "Viana do Castelo"}},
        {titles: {"en": "Funchal City Day", "pt": "Dia da Cidade do Funchal"}, type: "D", start: {mon: 8, d: 21}},
        {type: "D", start: {mon: 9, d: 8}, inherits: "Nativity of Mary"},
        {type: "D", start: {mon: 9, d: 21}, inherits: "St. Matthew the Evangelist"},
        {type: "D", start: {mon: 9, d: 2, thruD: 8, wkd: [2]}, inherits: "Dia do Concelho", locations: {"en": "Povoação"}},
        {type: "D", start: {mon: 10, d: 4}, inherits: "Dia do Concelho", locations: {"en": "Câmara de Lobos"}},
        {type: "D", start: {mon: 10, d: 9}, inherits: "Dia do Concelho", locations: {"en": "Machico"}},
        {type: "D", start: {mon: 11, d: 19}, inherits: "Dia do Concelho", locations: {"en": "Odivelas and Trofa"}},
        {type: "D", start: {mon: 11, d: 25}, inherits: "St. Catherine of Alexandria"},
        {type: "D", start: {mon: 7, d: 26}, inherits: "Grandparents’ Day"},
        {type: "D", start: {mon: 1, d: 27}, inherits: "Holocaust Memorial Day", first: {era: 1, y: 2006}},
        {type: "nD", start: {mon: 6, d: 12, durationD: 2}, titles: {"en": "Lisbon Sardine Festival"}},
        {type: "nD", start: {mon: 8, d: 25, thruD: 31, wkd: [5]}, end: {mon: 9, d: 11, thruD: 17, wkd: [1]}, inherits: "Festa do Vinho", first: {era: 1, y: 2022}, end: {era: 1, y: 2023}},
        {type: "nD", start: {mon: 8, d: 19, thruD: 25, wkd: [1]}, end: {mon: 9, d: 11, thruD: 17, wkd: [1]}, inherits: "Festa do Vinho", first: {era: 1, y: 2024}},
    ],
    templates: [
        {template: "Festa do Vinho", type: "nD", start: {mon: 8, d: 25, thruD: 31, wkd: [5]}, end: {mon: 9, d: 11, thruD: 17, wkd: [1]}, titles: {"pt": "Festa do Vinho", "en": "Wine Festival", "es": "Fiesta del Vino de Madeira", "de": "Madeira Weinfest"}, emoji: "🍷🥂", urls: {"en": "https://visitmadeira.com/en/whats-on/events/wine-festival", "pt": "https://visitmadeira.com/pt/a-acontecer/eventos/festa-do-vinho/", "es": "https://visitmadeira.com/es/que-esta-pasando/eventos/fiesta-del-vino-de-madeira/", "de": "https://visitmadeira.com/de/veranstaltungen/veranstaltungen/madeira-weinfest/"}},
        {template: "Dia do Concelho", type: "D", start: {mon: 1, d: 15}, titles: {"pt": "Dia do Concelho"}},
    ]
}
