{
    "titles": {"en": "Western Christianity (general)", "he": "נצרות מערבית (כללי)"},
    "defaultLocale": "en",
    "calendarCode": "gre",
    "calendarColor": {"red": 1.0, "green": 0.0, "blue": 0.0},
    "eventSpecifications": [
        {"inherits": "New Year’s Day", "type": "1D", "start": {"mon": 1, "d": 1}},
        {"titles": {"en": "Feast of St. Basil the Great and St. Gregory Nazianzen"}, "notes": {"en": "Christmastide (day 9)"}, "type": "1D", "start": {"mon": 1, "d": 2}, "urls": {"en": "https://nationaldaycalendar.com/twelve-days-of-christmas-december-25-to-january-5/"}},
        {"titles": {"en": "Feast of the Holy Name of Jesus"}, "notes": {"en": "Christmastide (day 10)"}, "type": "1D", "start": {"mon": 1, "d": 3}, "urls": {"en": "https://nationaldaycalendar.com/twelve-days-of-christmas-december-25-to-january-5/"}},
        {"titles": {"en": "Feast of St. Elizabeth Ann Seton"}, "notes": {"en": "Christmastide (day 11)"}, "type": "1D", "start": {"mon": 1, "d": 4}, "urls": {"en": "https://nationaldaycalendar.com/twelve-days-of-christmas-december-25-to-january-5/"}},
        {"inherits": "Epiphany Eve", "type": "1D", "start": {"mon": 1, "d": 5}},
        {"inherits": "Epiphany", "type": "1D", "start": {"mon": 1, "d": 6}},
        {"titles": {"en": "Feast of St. Raymond of Penyafort"}, "type": "1D", "start": {"mon": 1, "d": 7}},
        {"titles": {"en": "Baptism of the Lord"}, "type": "1D", "start": {"mon": 1, "d": 9, "thruD": 13, "wkd": [1]}},
        {"titles": {"en": "Feast of St. Hilary of Poitiers"}, "type": "1D", "start": {"mon": 1, "d": 13}},
        {"titles": {"en": "Feast of St. Anthony of Egypt"}, "type": "1D", "start": {"mon": 1, "d": 17}},
        {"titles": {"en": "Feast of St. Fabian or St. Sebastian"}, "type": "1D", "start": {"mon": 1, "d": 20}},
        {"titles": {"en": "Feast of St. Agnes"}, "type": "1D", "start": {"mon": 1, "d": 21}},
        {"titles": {"en": "Feast of St. Vincent"}, "type": "1D", "start": {"mon": 1, "d": 22}},
        {"titles": {"en": "Feast of St. Francis de Sales"}, "type": "1D", "start": {"mon": 1, "d": 24}},
        {"titles": {"en": "Conversion of St. Paul"}, "type": "1D", "start": {"mon": 1, "d": 25}},
        {"titles": {"en": "Feast of Saints Timothy and Titus"}, "type": "1D", "start": {"mon": 1, "d": 26}},
        {"titles": {"en": "Feast of St. Angela Merici"}, "type": "1D", "start": {"mon": 1, "d": 27}},
        {"titles": {"en": "Feast of St. Thomas Aquinas"}, "type": "1D", "start": {"mon": 1, "d": 28}},
        {"titles": {"en": "Feast of St. John Bosco"}, "type": "1D", "start": {"mon": 1, "d": 31}},

        {"inherits": "Candlemas", "type": "1D", "start": {"mon": 2, "d": 2}},
        
        {"titles": {"en": "Feast of St. Blaise or St. Ansgar"}, "type": "1D", "start": {"mon": 2, "d": 3}},
        {"titles": {"en": "Feast of St. Agatha"}, "type": "1D", "start": {"mon": 2, "d": 5}},
        {"titles": {"en": "Feast of Saints Paul Miki and companions"}, "type": "1D", "start": {"mon": 2, "d": 6}},
        {"titles": {"en": "Feast of St. Jerome Emiliani or St. Josephine Bakhita"}, "type": "1D", "start": {"mon": 2, "d": 8}},
        {"titles": {"en": "Feast of St. Scholastica"}, "type": "1D", "start": {"mon": 2, "d": 10}},
        
        {"titles": {"en": "Feast of Our Lady of Lourdes"}, "type": "1D", "start": {"mon": 2, "d": 11}},
        {"titles": {"en": "World Day of the Sick"}, "type": "1D", "start": {"mon": 2, "d": 11}, first: {"type": "1D", "era": 1, "y": 1992}, "urls": {"en": "https://nationaldaycalendar.com/world-day-of-the-sick-february-11/"}},
        
        {"titles": {"en": "Feast of Saints Cyril and Methodius"}, "type": "1D", "start": {"mon": 2, "d": 14}},
        {"titles": {"en": "Feast of the Seven Holy Founders of the Servite Order"}, "type": "1D", "start": {"mon": 2, "d": 17}},

        {"titles": {"en": "Feast of St. Peter Damian"}, "type": "1D", "start": {"mon": 2, "d": 21}},
        {"titles": {"en": "Feast of the Chair of St. Peter"}, "type": "1D", "start": {"mon": 2, "d": 22}},
        {"titles": {"en": "Feast of St. Polycarp"}, "type": "1D", "start": {"mon": 2, "d": 23}},
        {"titles": {"en": "Feast of St. Gregory of Narek"}, "type": "1D", "start": {"mon": 2, "d": 27}},

        {"titles": {"en": "Feast of St. Casimir"}, "type": "1D", "start": {"mon": 3, "d": 4}},
        {"titles": {"en": "Feast of Saints Perpetua and Felicity"}, "type": "1D", "start": {"mon": 3, "d": 7}},
        {"titles": {"en": "Feast of St. John of God"}, "type": "1D", "start": {"mon": 3, "d": 8}},
        {"titles": {"en": "Feast of St. Frances of Rome"}, "type": "1D", "start": {"mon": 3, "d": 9}},
        {"inherits": "St. Patrick’s Day", "type": "1D", "start": {"mon": 3, "d": 17}},
        {"titles": {"en": "Feast of St. Cyril of Jerusalem"}, "type": "1D", "start": {"mon": 3, "d": 18}},

        {"inherits": "St. Joseph’s Day", "type": "1D", "start": {"mon": 3, "d": 19}},

        {"titles": {"en": "Feast of St. Turibius of Mogrovejo"}, "type": "1D", "start": {"mon": 3, "d": 23}},

        {"inherits": "Feast of the Annunciation", "type": "1D", "start": {"mon": 3, "d": 25}},
        
        {"titles": {"en": "Feast of St. Francis of Paola"}, "type": "1D", "start": {"mon": 4, "d": 2}},
        {"titles": {"en": "Feast of St. Isidore"}, "type": "1D", "start": {"mon": 4, "d": 4}},
        {"titles": {"en": "Feast of St. Vincent Ferrer"}, "type": "1D", "start": {"mon": 4, "d": 5}},
        {"titles": {"en": "Feast of St. John Baptist de la Salle"}, "type": "1D", "start": {"mon": 4, "d": 7}},
        {"titles": {"en": "Feast of St. Stanislaus"}, "type": "1D", "start": {"mon": 4, "d": 11}},
        {"titles": {"en": "Feast of St. Martin I"}, "type": "1D", "start": {"mon": 4, "d": 13}},
        {"titles": {"en": "Feast of St. Anselm of Canterbury"}, "type": "1D", "start": {"mon": 4, "d": 21}},
        {"inherits": "St. George’s Day", "type": "1D", "start": {"mon": 4, "d": 23}},
        {"titles": {"en": "Feast of St. Fidelis of Sigmaringen"}, "type": "1D", "start": {"mon": 4, "d": 24}},
        {"titles": {"en": "Feast of St. Mark the Evangelist"}, "type": "1D", "start": {"mon": 4, "d": 25}},
        {"titles": {"en": "Feast of St. Peter Chanel"}, "type": "1D", "start": {"mon": 4, "d": 28}},
        {"titles": {"en": "Feast of St. Catherine of Siena"}, "type": "1D", "start": {"mon": 4, "d": 29}},
        {"titles": {"en": "Feast of St. Pius V"}, "type": "1D", "start": {"mon": 4, "d": 30}},

        {"titles": {"en": "Feast of St. Joseph the Worker"}, "type": "1D", "start": {"mon": 5, "d": 1}},
        {"titles": {"en": "Feast of St. Athanasius"}, "type": "1D", "start": {"mon": 5, "d": 2}},
        {"titles": {"en": "Feast of Saints Philip and James"}, "type": "1D", "start": {"mon": 5, "d": 3}},
        {"titles": {"en": "Feast of St. John of Ávila"}, "type": "1D", "start": {"mon": 5, "d": 10}},
        {"titles": {"en": "Feast of Saints Nereus and Achilleus or St. Pancras"}, "type": "1D", "start": {"mon": 5, "d": 12}},
        {"titles": {"en": "Feast of Our Lady of Fatima"}, "type": "1D", "start": {"mon": 5, "d": 13}},
        {"titles": {"en": "Feast of St. Matthias the Apostle"}, "type": "1D", "start": {"mon": 5, "d": 14}},
        {"titles": {"en": "Feast of St. John I"}, "type": "1D", "start": {"mon": 5, "d": 18}},
        {"titles": {"en": "Feast of St. Bernardine of Siena"}, "type": "1D", "start": {"mon": 5, "d": 20}},
        {"titles": {"en": "Feast of St. Christopher Magallanes and companions"}, "type": "1D", "start": {"mon": 5, "d": 21}},
        {"titles": {"en": "Feast of St. Rita of Cascia"}, "type": "1D", "start": {"mon": 5, "d": 22}},
        {"titles": {"en": "Feast of St. Bede the Venerable or St. Mary Magdalene de Pazzi"}, "type": "1D", "start": {"mon": 5, "d": 25}},
        {"titles": {"en": "Feast of St. Philip Neri"}, "type": "1D", "start": {"mon": 5, "d": 26}},
        {"titles": {"en": "Feast of St. Augustine (Austin) of Canterbury"}, "type": "1D", "start": {"mon": 5, "d": 27}},
        {"titles": {"en": "Feast of St. Paul VI"}, "type": "1D", "start": {"mon": 5, "d": 29}},
        
        {"titles": {"en": "Feast of the Visitation"}, "type": "1D", "start": {"mon": 5, "d": 31}},
        
        {"titles": {"en": "Feast of St. Justin Martyr"}, "type": "1D", "start": {"mon": 6, "d": 1}},
        {"titles": {"en": "Feast of Marcellinus and Peter"}, "type": "1D", "start": {"mon": 6, "d": 2}},
        {"titles": {"en": "Feast of Saints Charles Lwanga and companions"}, "type": "1D", "start": {"mon": 6, "d": 3}},
        {"titles": {"en": "Feast of St. Boniface"}, "type": "1D", "start": {"mon": 6, "d": 5}},
        {"titles": {"en": "Feast of St. Norbert"}, "type": "1D", "start": {"mon": 6, "d": 6}},
        {"titles": {"en": "Feast of St. Ephrem"}, "type": "1D", "start": {"mon": 6, "d": 9}},
        {"titles": {"en": "Feast of St. Barnabas the Apostle"}, "type": "1D", "start": {"mon": 6, "d": 11}},
        {"inherits": "Feast of St. Anthony of Padua", "type": "1D", "start": {"mon": 6, "d": 13}},
        {"titles": {"en": "Feast of St. Romuald"}, "type": "1D", "start": {"mon": 6, "d": 19}},
        {"titles": {"en": "Feast of St. Aloysius Gonzaga"}, "type": "1D", "start": {"mon": 6, "d": 21}},
        {"titles": {"en": "Feast of St. Paulinus of Nola or Saints John Fisher and Thomas More"}, "type": "1D", "start": {"mon": 6, "d": 22}},
        {"inherits": "St. John’s Eve", "type": "1D", "start": {"mon": 6, "d": 23}},
        {"inherits": "St. John’s Day", "type": "1D", "start": {"mon": 6, "d": 24}},
        
        {"titles": {"en": "Feast of St. Cyril of Alexandria"}, "type": "1D", "start": {"mon": 6, "d": 27}},
        {"titles": {"en": "Feast of St. Irenaeus"}, "type": "1D", "start": {"mon": 6, "d": 28}},

        {"inherits": "Feast of Saints Peter and Paul", "type": "1D", "start": {"mon": 6, "d": 29}},

        {"titles": {"en": "Feast of the First Martyrs of the Church of Rome"}, "type": "1D", "start": {"mon": 6, "d": 30}},
        
        {"titles": {"en": "Feast of St. Thomas the Apostle"}, "type": "1D", "start": {"mon": 7, "d": 3}, "urls": {"en": "https://nationaltoday.com/st-thomas-history/"}, first: {"era": 1, "y": 1969}},
        {"titles": {"en": "Feast of St. Elizabeth of Portugal"}, "type": "1D", "start": {"mon": 7, "d": 4}},
        {"titles": {"en": "Feast of St. Anthony Zaccaria"}, "type": "1D", "start": {"mon": 7, "d": 5}},
        {"titles": {"en": "Feast of St. Maria Goretti"}, "type": "1D", "start": {"mon": 7, "d": 6}},
        {"titles": {"en": "Feast of St. Augustine Zhao Rong and companions"}, "type": "1D", "start": {"mon": 7, "d": 9}},
        {"titles": {"en": "Feast of St. Benedict"}, "type": "1D", "start": {"mon": 7, "d": 11}},
        {"titles": {"en": "Feast of St. Henry"}, "type": "1D", "start": {"mon": 7, "d": 13}},
        {"titles": {"en": "Feast of St. Camillus de Lellis"}, "type": "1D", "start": {"mon": 7, "d": 14}},
        {"titles": {"en": "Feast of St. Bonaventure"}, "type": "1D", "start": {"mon": 7, "d": 15}},
        {"titles": {"en": "Feast of Our Lady of Mount Carmel"}, "type": "1D", "start": {"mon": 7, "d": 16}, "urls": {"en": "https://nationaltoday.com/our-lady-of-mount-carmel/"}, first: {"era": 1, "y": 1726}},
        {"titles": {"en": "Feast of St. Apollinaris"}, "type": "1D", "start": {"mon": 7, "d": 20}},
        {"titles": {"en": "Feast of St. Lawrence of Brindisi"}, "type": "1D", "start": {"mon": 7, "d": 21}},
        {"titles": {"en": "Feast of St. Mary Magdalene"}, "type": "1D", "start": {"mon": 7, "d": 22}},
        {"titles": {"en": "Feast of St. Birgitta"}, "type": "1D", "start": {"mon": 7, "d": 23}},
        {"titles": {"en": "Feast of St. Sharbel Makhlūf"}, "type": "1D", "start": {"mon": 7, "d": 24}},
        {"inherits": "Feast of St. James", "type": "1D", "start": {"mon": 7, "d": 25}},
        {"titles": {"en": "Feast of Saints Joachim and Anne"}, "type": "1D", "start": {"mon": 7, "d": 26}},
        {"titles": {"en": "Feast of Saints Martha, Mary and Lazarus"}, "type": "1D", "start": {"mon": 7, "d": 29}},
        {"titles": {"en": "Feast of St. Peter Chrysologus"}, "type": "1D", "start": {"mon": 7, "d": 30}},
        {"titles": {"en": "Feast of St. Ignatius of Loyola"}, "type": "1D", "start": {"mon": 7, "d": 31}},

        {"titles": {"en": "Feast of St. Alphonsus Maria de Liguori"}, "type": "1D", "start": {"mon": 8, "d": 1}},
        {"titles": {"en": "Feast of St. Eusebius of Vercelli or St. Peter Julian Eymard"}, "type": "1D", "start": {"mon": 8, "d": 2}},
        {"titles": {"en": "Feast of St. Jean Vianney (the Curé of Ars)"}, "type": "1D", "start": {"mon": 8, "d": 4}},
        {"titles": {"en": "Dedication of the Basilica of St. Mary Major"}, "type": "1D", "start": {"mon": 8, "d": 5}},

        {"inherits": "Feast of the Transfiguration", "type": "1D", "start": {"mon": 8, "d": 6}},
        
        {"titles": {"en": "Feast of St. Sixtus II and companions or St. Cajetan"}, "type": "1D", "start": {"mon": 8, "d": 7}},
        {"titles": {"en": "Feast of St. Dominic"}, "type": "1D", "start": {"mon": 8, "d": 8}},
        {"titles": {"en": "Feast of St. Teresa Benedicta of the Cross (Edith Stein)"}, "type": "1D", "start": {"mon": 8, "d": 9}},
        {"titles": {"en": "Feast of St. Lawrence"}, "type": "1D", "start": {"mon": 8, "d": 10}},
        {"titles": {"en": "Feast of St. Clare"}, "type": "1D", "start": {"mon": 8, "d": 11}},
        {"titles": {"en": "Feast of St. Jane Frances de Chantal"}, "type": "1D", "start": {"mon": 8, "d": 12}},
        {"titles": {"en": "Feast of Saints Pontian and Hippolytus"}, "type": "1D", "start": {"mon": 8, "d": 13}},
        {"titles": {"en": "Feast of St. Maximilian Mary Kolbe"}, "type": "1D", "start": {"mon": 8, "d": 14}},
        
        {"inherits": "Assumption of Mary", "type": "1D", "start": {"mon": 8, "d": 15}},
        
        {"inherits": "Feast of St. Stephen of Hungary", "type": "1D", "start": {"mon": 8, "d": 16}},
        {"titles": {"en": "Feast of St. John Eudes"}, "type": "1D", "start": {"mon": 8, "d": 19}},
        {"titles": {"en": "Feast of St. Bernard of Clairvaux"}, "type": "1D", "start": {"mon": 8, "d": 20}},
        {"titles": {"en": "Feast of St. Pius X"}, "type": "1D", "start": {"mon": 8, "d": 21}},
        {"titles": {"en": "Queenship of Blessed Virgin Mary"}, "type": "1D", "start": {"mon": 8, "d": 22}},
        {"titles": {"en": "Feast of St. Rose of Lima"}, "type": "1D", "start": {"mon": 8, "d": 23}},
        {"titles": {"en": "Feast of St. Bartholomew the Apostle"}, "type": "1D", "start": {"mon": 8, "d": 24}},
        {"titles": {"en": "Feast of St. Louis or St. Joseph of Calasanz"}, "type": "1D", "start": {"mon": 8, "d": 25}},
        {"titles": {"en": "Feast of St. Monica"}, "type": "1D", "start": {"mon": 8, "d": 27}},
        {"titles": {"en": "Feast of St. Augustine of Hippo"}, "type": "1D", "start": {"mon": 8, "d": 28}},
        {"inherits": "Beheading of St. John the Baptist", "type": "1D", "start": {"mon": 8, "d": 29}},

        {"titles": {"en": "Feast of St. Gregory the Great"}, "type": "1D", "start": {"mon": 9, "d": 3}},

        {"inherits": "Nativity of Mary", "type": "1D", "start": {"mon": 9, "d": 8}},

        {"titles": {"en": "Feast of St. Peter Claver"}, "type": "1D", "start": {"mon": 9, "d": 9}},
        {"titles": {"en": "Holy Name of the Blessed Virgin Mary"}, "type": "1D", "start": {"mon": 9, "d": 12}},
        {"titles": {"en": "Feast of St. John Chrysostom"}, "type": "1D", "start": {"mon": 9, "d": 13}},

        {"inherits": "Feast of the Exaltation of the Holy Cross", "type": "1D", "start": {"mon": 9, "d": 14}},
        
        {"titles": {"en": "Our Lady of Sorrows"}, "type": "1D", "start": {"mon": 9, "d": 15}},
        {"titles": {"en": "Feast of Saints Cornelius and Cyprian"}, "type": "1D", "start": {"mon": 9, "d": 16}},
        {"titles": {"en": "Feast of St. Robert Bellarmine or St. Hildegard of Bingen"}, "type": "1D", "start": {"mon": 9, "d": 17}},
        {"titles": {"en": "Feast of St. Januarius"}, "type": "1D", "start": {"mon": 9, "d": 19}},
        {"titles": {"en": "Feast of Saints Andrew Kim Taegon and companions"}, "type": "1D", "start": {"mon": 9, "d": 20}},
        {"titles": {"en": "Feast of St. Matthew the Evangelist"}, "type": "1D", "start": {"mon": 9, "d": 21}},
        {"titles": {"en": "Feast of St. Pio of Pietrelcina (Padre Pio)"}, "type": "1D", "start": {"mon": 9, "d": 23}},
        {"titles": {"en": "Feast of Saints Cosmas and Damian"}, "type": "1D", "start": {"mon": 9, "d": 26}},
        {"titles": {"en": "Feast of St. Vincent de Paul"}, "type": "1D", "start": {"mon": 9, "d": 27}},
        {"titles": {"en": "Feast of St. Wenceslaus or St. Lorenzo Ruiz and companions"}, "type": "1D", "start": {"mon": 9, "d": 28}},
        {"titles": {"en": "Feast of Saints Michael, Gabriel and Raphael/Michaelmas"}, "type": "1D", "start": {"mon": 9, "d": 29}},
        {"titles": {"en": "Feast of St. Jerome"}, "type": "1D", "start": {"mon": 9, "d": 30}},

        {"titles": {"en": "Feast of St. Thérèse of the Child Jesus"}, "type": "1D", "start": {"mon": 10, "d": 1}},
        {"titles": {"en": "Memorial of the Holy Guardian Angels"}, "type": "1D", "start": {"mon": 10, "d": 2}},
        {"titles": {"en": "Feast of St. Francis of Assisi"}, "type": "1D", "start": {"mon": 10, "d": 4}},
        {"titles": {"en": "Feast of St. Faustina Kowalska"}, "type": "1D", "start": {"mon": 10, "d": 5}},
        {"titles": {"en": "Feast of St. Bruno"}, "type": "1D", "start": {"mon": 10, "d": 6}},
        {"titles": {"en": "Our Lady of the Rosary"}, "type": "1D", "start": {"mon": 10, "d": 7}},
        {"titles": {"en": "Feast of St. Denis and companions or St. John Leonardi"}, "type": "1D", "start": {"mon": 10, "d": 9}},
        {"titles": {"en": "Feast of St. John XXIII"}, "type": "1D", "start": {"mon": 10, "d": 11}},
        {"titles": {"en": "Feast of St. Callistus I"}, "type": "1D", "start": {"mon": 10, "d": 14}},
        {"titles": {"en": "Feast of St. Teresa of Jesus"}, "type": "1D", "start": {"mon": 10, "d": 15}},
        {"titles": {"en": "Feast of St. Hedwig or St. Margaret Mary Alacoque"}, "type": "1D", "start": {"mon": 10, "d": 16}},
        {"titles": {"en": "Feast of St. Ignatius of Antioch"}, "type": "1D", "start": {"mon": 10, "d": 17}},
        {"titles": {"en": "Feast of St. Luke the Evangelist"}, "type": "1D", "start": {"mon": 10, "d": 18}},
        {"titles": {"en": "Feast of St. Jean de Brébeuf, Isaac Jogues, and their companions or St. Paul of the Cross"}, "type": "1D", "start": {"mon": 10, "d": 19}},
        {"titles": {"en": "Feast of St. John Paul II"}, "type": "1D", "start": {"mon": 10, "d": 22}},
        {"titles": {"en": "Feast of St. John of Capistrano"}, "type": "1D", "start": {"mon": 10, "d": 23}},
        {"titles": {"en": "Feast of St. Anthony Mary Claret"}, "type": "1D", "start": {"mon": 10, "d": 24}},
        {"titles": {"en": "Feast of St. Simon and St. Jude"}, "type": "1D", "start": {"mon": 10, "d": 28}},
        
        {"inherits": "Halloween", "type": "1D", "start": {"mon": 10, "d": 31}},
        
        {"inherits": "All Saints’ Day", "type": "1D", "start": {"mon": 11, "d": 1}},
        {"inherits": "All Souls’ Day", "type": "1D", "start": {"mon": 11, "d": 2}},

        {"titles": {"en": "Feast of St. Martin de Porres"}, "type": "1D", "start": {"mon": 11, "d": 3}},
        {"titles": {"en": "Feast of St. Charles Borromeo"}, "type": "1D", "start": {"mon": 11, "d": 4}},
        {"titles": {"en": "Dedication of the Lateran Basilica"}, "type": "1D", "start": {"mon": 11, "d": 9}},
        {"titles": {"en": "Feast of St. Leo the Great"}, "type": "1D", "start": {"mon": 11, "d": 10}},
        {"inherits": "Feast of St. Martin of Tours", "type": "1D", "start": {"mon": 11, "d": 11}},
        {"titles": {"en": "Feast of St. Josaphat"}, "type": "1D", "start": {"mon": 11, "d": 12}},
        {"titles": {"en": "Feast of St. Albert the Great"}, "type": "1D", "start": {"mon": 11, "d": 15}},
        {"titles": {"en": "Feast of St. Margaret of Scotland or St. Gertrude the Great"}, "type": "1D", "start": {"mon": 11, "d": 16}},
        {"titles": {"en": "Feast of St. Elizabeth of Hungary"}, "type": "1D", "start": {"mon": 11, "d": 17}},
        {"titles": {"en": "Dedication of the Basilicas of Saints Peter and Paul"}, "type": "1D", "start": {"mon": 11, "d": 18}},
        
        {"inherits": "Presentation of the Blessed Virgin Mary", "type": "1D", "start": {"mon": 11, "d": 21}},

        {"titles": {"en": "Feast of St. Cecilia"}, "type": "1D", "start": {"mon": 11, "d": 22}},
        {"titles": {"en": "Feast of St. Clement I or St. Columban"}, "type": "1D", "start": {"mon": 11, "d": 23}},
        {"titles": {"en": "Feast of St. Andrew Dung-Lac and his companions"}, "type": "1D", "start": {"mon": 11, "d": 24}},
        {"titles": {"en": "Feast of St. Catherine of Alexandria"}, "type": "1D", "start": {"mon": 11, "d": 25}},
        {"inherits": "St. Andrew’s Day", "type": "1D", "start": {"mon": 11, "d": 30}},
        
        {"titles": {"en": "Feast of Christ the King"}, "type": "1D", "start": {"mon": 11, "d": 20, "thruD": 26, "wkd": [1]}},
        {"inherits": "1st Advent Sunday", "type": "1D", "start": {"mon": 11, "d": 27, "thruMon": 12, "thruD": 3, "wkd": [1]}},
        {"inherits": "2nd Advent Sunday", "type": "1D", "start": {"mon": 12, "d": 4, "thruD": 10, "wkd": [1]}},
        {"inherits": "3rd Advent Sunday", "type": "1D", "start": {"mon": 12, "d": 11, "thruD": 17, "wkd": [1]}},
        {"inherits": "4th Advent Sunday", "type": "1D", "start": {"mon": 12, "d": 18, "thruD": 24, "wkd": [1]}},
        
        {inherits: "Feast of St. Francis Xavier", "type": "1D", "start": {"mon": 12, "d": 3}},
        {"titles": {"en": "Feast of St. John Damascene"}, "type": "1D", "start": {"mon": 12, "d": 4}},
        {"inherits": "St. Nicholas Day", "type": "1D", "start": {"mon": 12, "d": 6}},
        {"titles": {"en": "Feast of St. Ambrose"}, "type": "1D", "start": {"mon": 12, "d": 7}},
        {"inherits": "Feast of the Immaculate Conception", "type": "1D", "start": {"mon": 12, "d": 8}},
        {"titles": {"en": "Feast of St. Juan Diego"}, "type": "1D", "start": {"mon": 12, "d": 9}},
        {"titles": {"en": "Our Lady of Loreto"}, "type": "1D", "start": {"mon": 12, "d": 10}},
        {"titles": {"en": "Feast of St. Damasus I"}, "type": "1D", "start": {"mon": 12, "d": 11}},
        {"titles": {"en": "Our Lady of Guadalupe"}, "type": "1D", "start": {"mon": 12, "d": 12}},
        {"titles": {"en": "Feast of St. Lucy of Syracuse"}, "type": "1D", "start": {"mon": 12, "d": 13}},
        {"titles": {"en": "Feast of St. John of the Cross"}, "type": "1D", "start": {"mon": 12, "d": 14}},
        {"titles": {"en": "Feast of St. Peter Canisius"}, "type": "1D", "start": {"mon": 12, "d": 21}},
        {"titles": {"en": "Feast of St. John of Kanty"}, "type": "1D", "start": {"mon": 12, "d": 23}},

        {"inherits": "Christmas Eve", "type": "1D", "start": {"mon": 12, "d": 24}},
        {"inherits": "Christmas Day", "type": "1D", "start": {"mon": 12, "d": 25}},
        {"inherits": "St. Stephen’s Day", "type": "1D", "start": {"mon": 12, "d": 26}, "urls": {"en": "https://nationaldaycalendar.com/twelve-days-of-christmas-december-25-to-january-5/"}},
        {"inherits": "Feast of St. John the Apostle", "type": "1D", "start": {"mon": 12, "d": 27}, "urls": {"en": "https://nationaldaycalendar.com/twelve-days-of-christmas-december-25-to-january-5/"}},
        {"inherits": "Holy Innocents Day", "type": "1D", "start": {"mon": 12, "d": 28}},
        {"inherits": "Feast of St. Thomas Becket", "type": "1D", "start": {"mon": 12, "d": 29}, "urls": {"en": "https://nationaldaycalendar.com/twelve-days-of-christmas-december-25-to-january-5/"}},
        {"inherits": "Feast of St. Egwin of Worcester", "type": "1D", "start": {"mon": 12, "d": 30}, "urls": {"en": "https://nationaldaycalendar.com/twelve-days-of-christmas-december-25-to-january-5/"}},
        {"inherits": "New Year’s Eve", "type": "1D", "start": {"mon": 12, "d": 31}},
        {inherits: "Feast of the Holy Family", "type": "1D", "start": {"mon": 12, "d": 30, "wkd": [6]}},
        {inherits: "Feast of the Holy Family", "type": "1D", "start": {"mon": 12, "d": 26, "thruD": 31, "wkd": [1]}},
        
        {"inherits": "St. Florian’s Day", "type": "1D", "start": {"mon": 5, "d": 4}},
        {"inherits": "St. Leopold’s Day", "type": "1D", "start": {"mon": 11, "d": 15}},
        {"inherits": "St. Maroun Day", "type": "1D", "start": {"mon": 2, "d": 9}},
        {"titles": {"en": "Feast of St. Rosalia"}, "type": "1D", "start": {"mon": 7, "d": 14}, "urls": {"en": "https://nationaltoday.com/feast-of-st-rosalia/"}},
        {"inherits": "Feast of St. Vladimir", "type": "1D", "start": {"mon": 7, "d": 15}},
        {"type": "1D", "start": {"mon": 9, "d": 5}, inherits: "Feast of St. Teresa of Calcutta", first: {"era": 1, "y": 2016}},

        {"titles": {"en": "Septuagesima"}, "type": "1D", "start": {"Easter": "Easter", "offsetD": -63}},
        {"titles": {"en": "Sexagesima"}, "type": "1D", "start": {"Easter": "Easter", "offsetD": -56}},
        {"titles": {"en": "Fat Thursday"}, "type": "1D", "start": {"Easter": "Easter", "offsetD": -52}, "emoji": "🍩", "urls": {"en": "https://www.daysoftheyear.com/days/fat-thursday/"}},
        {"titles": {"en": "Quinquagesima"}, "type": "1D", "start": {"Easter": "Easter", "offsetD": -49}},
        {"inherits": "Shrove Monday", "type": "1D", "start": {"Easter": "Easter", "offsetD": -48}},
        {"inherits": "Shrove Tuesday", "type": "1D", "start": {"Easter": "Easter", "offsetD": -47}},
        {"inherits": "Ash Wednesday", "type": "1D", "start": {"Easter": "Easter", "offsetD": -46}},
        {"titles": {"en": "Lent (day 2)"}, "type": "1D", "start": {"Easter": "Easter", "offsetD": -45}},
        {"titles": {"en": "Lent (day 3)"}, "type": "1D", "start": {"Easter": "Easter", "offsetD": -44}},
        {"titles": {"en": "Lent (day 4)"}, "type": "1D", "start": {"Easter": "Easter", "offsetD": -43}},
        {"titles": {"en": "Invocabit"}, "type": "1D", "start": {"Easter": "Easter", "offsetD": -42}},
        {"titles": {"en": "Lent (day 5)"}, "type": "1D", "start": {"Easter": "Easter", "offsetD": -41}},
        {"titles": {"en": "Lent (day 6)"}, "type": "1D", "start": {"Easter": "Easter", "offsetD": -40}},
        {"titles": {"en": "Lent (day 7)"}, "type": "1D", "start": {"Easter": "Easter", "offsetD": -39}},
        {"titles": {"en": "Lent (day 8)"}, "type": "1D", "start": {"Easter": "Easter", "offsetD": -38}},
        {"titles": {"en": "Lent (day 9)"}, "type": "1D", "start": {"Easter": "Easter", "offsetD": -37}},
        {"titles": {"en": "Lent (day 10)"}, "type": "1D", "start": {"Easter": "Easter", "offsetD": -36}},
        {"titles": {"en": "Reminiscere"}, "type": "1D", "start": {"Easter": "Easter", "offsetD": -35}},
        {"titles": {"en": "Lent (day 11)"}, "type": "1D", "start": {"Easter": "Easter", "offsetD": -34}},
        {"titles": {"en": "Lent (day 12)"}, "type": "1D", "start": {"Easter": "Easter", "offsetD": -33}},
        {"titles": {"en": "Lent (day 13)"}, "type": "1D", "start": {"Easter": "Easter", "offsetD": -32}},
        {"titles": {"en": "Lent (day 14)"}, "type": "1D", "start": {"Easter": "Easter", "offsetD": -31}},
        {"titles": {"en": "Lent (day 15)"}, "type": "1D", "start": {"Easter": "Easter", "offsetD": -30}},
        {"titles": {"en": "Lent (day 16)"}, "type": "1D", "start": {"Easter": "Easter", "offsetD": -29}},
        {"titles": {"en": "Oculi"}, "type": "1D", "start": {"Easter": "Easter", "offsetD": -28}},
        {"titles": {"en": "Lent (day 17)"}, "type": "1D", "start": {"Easter": "Easter", "offsetD": -27}},
        {"titles": {"en": "Lent (day 18)"}, "type": "1D", "start": {"Easter": "Easter", "offsetD": -26}},
        {"titles": {"en": "Lent (day 19)"}, "type": "1D", "start": {"Easter": "Easter", "offsetD": -25}},
        {"titles": {"en": "Lent (day 20)"}, "type": "1D", "start": {"Easter": "Easter", "offsetD": -24}},
        {"titles": {"en": "Lent (day 21)"}, "type": "1D", "start": {"Easter": "Easter", "offsetD": -23}},
        {"titles": {"en": "Lent (day 22)"}, "type": "1D", "start": {"Easter": "Easter", "offsetD": -22}},
        {"titles": {"en": "Laetare"}, "notes": {"en": "Mothering Sunday"}, "type": "1D", "start": {"Easter": "Easter", "offsetD": -21}},
        {"titles": {"en": "Lent (day 23)"}, "type": "1D", "start": {"Easter": "Easter", "offsetD": -20}},
        {"titles": {"en": "Lent (day 24)"}, "type": "1D", "start": {"Easter": "Easter", "offsetD": -19}},
        {"titles": {"en": "Lent (day 25)"}, "type": "1D", "start": {"Easter": "Easter", "offsetD": -18}},
        {"titles": {"en": "Lent (day 26)"}, "type": "1D", "start": {"Easter": "Easter", "offsetD": -17}},
        {"titles": {"en": "Lent (day 27)"}, "type": "1D", "start": {"Easter": "Easter", "offsetD": -16}},
        {"titles": {"en": "Lent (day 28)"}, "type": "1D", "start": {"Easter": "Easter", "offsetD": -15}},
        {"titles": {"en": "Passion Sunday"}, "type": "1D", "start": {"Easter": "Easter", "offsetD": -14}},
        {"titles": {"en": "Lent (day 29)"}, "type": "1D", "start": {"Easter": "Easter", "offsetD": -13}},
        {"titles": {"en": "Lent (day 30)"}, "type": "1D", "start": {"Easter": "Easter", "offsetD": -12}},
        {"titles": {"en": "Lent (day 31)"}, "type": "1D", "start": {"Easter": "Easter", "offsetD": -11}},
        {"titles": {"en": "Lent (day 32)"}, "type": "1D", "start": {"Easter": "Easter", "offsetD": -10}},
        {"titles": {"en": "Lent (day 33)"}, "type": "1D", "start": {"Easter": "Easter", "offsetD": -9}},
        {"titles": {"en": "Lent (day 34)"}, "type": "1D", "start": {"Easter": "Easter", "offsetD": -8}},
        {"inherits": "Palm Sunday", "type": "1D", "start": {"Easter": "Easter", "offsetD": -7}},
        {"inherits": "Holy Monday", "titles": {"en": "Holy Monday"}, "notes": {"en": "Lent (day 35)"}, "type": "1D", "start": {"Easter": "Easter", "offsetD": -6}},
        {"inherits": "Holy Tuesday", "type": "1D", "start": {"Easter": "Easter", "offsetD": -5}},
        {"inherits": "Holy Wednesday", "type": "1D", "start": {"Easter": "Easter", "offsetD": -4}},
        {"inherits": "Maundy Thursday", "type": "1D", "start": {"Easter": "Easter", "offsetD": -3}},
        {"inherits": "Good Friday", "type": "1D", "start": {"Easter": "Easter", "offsetD": -2}},
        {"inherits": "Holy Saturday", "type": "1D", "start": {"Easter": "Easter", "offsetD": -1}},
        {"inherits": "Easter Sunday", "type": "1D", "start": {"Easter": "Easter"}},
        {"inherits": "Easter Monday", "type": "1D", "start": {"Easter": "Easter", "offsetD": 1}},
        {"inherits": "Easter Tuesday", "type": "1D", "start": {"Easter": "Easter", "offsetD": 2}},
        {"titles": {"en": "Easter Wednesday"}, "type": "1D", "start": {"Easter": "Easter", "offsetD": 3}},
        {"titles": {"en": "Easter Thursday"}, "type": "1D", "start": {"Easter": "Easter", "offsetD": 4}},
        {"titles": {"en": "Easter Friday"}, "type": "1D", "start": {"Easter": "Easter", "offsetD": 5}},
        {"inherits": "Easter Saturday", "type": "1D", "start": {"Easter": "Easter", "offsetD": 6}},
        {"inherits": "2nd Sunday of Easter", "type": "1D", "start": {"Easter": "Easter", "offsetD": 7}},
        {"titles": {"en": "Third Sunday of Easter"}, "type": "1D", "start": {"Easter": "Easter", "offsetD": 14}},
        {"titles": {"en": "Fourth Sunday of Easter"}, "type": "1D", "start": {"Easter": "Easter", "offsetD": 21}},
        {"titles": {"en": "Fifth Sunday of Easter"}, "type": "1D", "start": {"Easter": "Easter", "offsetD": 28}},
        {"titles": {"en": "Sixth Sunday of Easter"}, "type": "1D", "start": {"Easter": "Easter", "offsetD": 35}},
        {"inherits": "Ascension Day", "type": "1D", "start": {"Easter": "Easter", "offsetD": 39}},
        {"titles": {"en": "Seventh Sunday of Easter"}, "type": "1D", "start": {"Easter": "Easter", "offsetD": 42}},
        {"inherits": "Whit Saturday", "type": "1D", "start": {"Easter": "Easter", "offsetD": 48}},
        {"inherits": "Pentecost", "type": "1D", "start": {"Easter": "Easter", "offsetD": 49}},
        {"inherits": "Whit Monday", "type": "1D", "start": {"Easter": "Easter", "offsetD": 50}},
        {"titles": {"en": "Whit Tuesday"}, "type": "1D", "start": {"Easter": "Easter", "offsetD": 51}, "emoji": "⚪️"},
        {"titles": {"en": "Whit Wednesday"}, "type": "1D", "start": {"Easter": "Easter", "offsetD": 52}, "emoji": "⚪️"},
        {"titles": {"en": "Whit Thursday"}, "type": "1D", "start": {"Easter": "Easter", "offsetD": 53}, "emoji": "⚪️"},
        {"titles": {"en": "Whit Friday"}, "type": "1D", "start": {"Easter": "Easter", "offsetD": 54}, "emoji": "⚪️"},
        {"titles": {"en": "Trinity Sunday"}, "type": "1D", "start": {"Easter": "Easter", "offsetD": 56}, "urls": {"en": "https://nationaltoday.com/trinity-sunday/"}},
        {"inherits": "Corpus Christi", "type": "1D", "start": {"Easter": "Easter", "offsetD": 60}},
        {"titles": {"en": "Feast of the Sacred Heart"}, "type": "1D", "start": {"Easter": "Easter", "offsetD": 68}, "emoji": "❤️"},
        {"titles": {"en": "Feast of the Immaculate Heart of Mary"}, "type": "1D", "start": {"Easter": "Easter", "offsetD": 69}, "emoji": "❤️"},
    ]
}
